
-- DRIVER SEED DATA (50 PROFILES)


INSERT INTO driver VALUES
('A12-99-888777','Cherrie Nieto','2005-01-01','F','Los Baños, Laguna',20,'Professional','Active','2020-05-10','2030-05-10'),
('B99-11-222333','Frendzo Pelagio','2005-02-02','M','Calamba, Laguna',20,'Student','Expired','2014-12-12','2024-12-12'),
('N01-23-456789','Rein Malonzo','2006-05-28','M','Los Baños, Laguna',19,'Student','Active','2024-01-01','2034-01-01'),
('D10-11-100001','Juan Dela Cruz','1994-03-15','M','Quezon City',32,'Professional','Active','2018-01-01','2028-01-01'),
('D10-11-100002','Maria Santos','1998-06-20','F','Pasig City',28,'Professional','Suspended','2017-02-01','2027-02-01'),
('D10-11-100003','Pedro Reyes','1990-09-10','M','Manila',36,'Professional','Active','2015-03-01','2025-03-01'),
('D10-11-100004','Ana Cruz','2001-11-05','F','Cabuyao, Laguna',25,'Non-Professional','Active','2022-04-01','2032-04-01'),
('D10-11-100005','Luis Garcia','1997-04-08','M','Batangas City',29,'Professional','Expired','2016-05-01','2024-05-01'),
('D10-11-100006','Carla Mendoza','2000-05-10','F','Taguig City',26,'Non-Professional','Active','2021-06-01','2031-06-01'),
('D10-11-100007','Mark Villanueva','1995-06-11','M','Makati City',31,'Professional','Active','2017-07-01','2027-07-01'),
('D10-11-100008','Ella Torres','2003-07-12','F','Pasay City',23,'Student','Active','2024-08-01','2034-08-01'),
('D10-11-100009','John Ramos','1996-08-13','M','Parañaque City',30,'Professional','Suspended','2016-09-01','2026-09-01'),
('D10-11-100010','Sofia Navarro','2002-09-14','F','Las Piñas City',24,'Non-Professional','Active','2023-10-01','2033-10-01'),
('D10-11-100011','Miguel Lopez','1997-01-01','M','Laguna',29,'Professional','Active','2019-01-01','2029-01-01'),
('D10-11-100012','Angela Perez','1998-02-02','F','Batangas',28,'Professional','Expired','2017-02-02','2024-02-02'),
('D10-11-100013','Carlo Bautista','1996-03-03','M','Cavite',30,'Professional','Active','2018-03-03','2028-03-03'),
('D10-11-100014','Bea Flores','2004-04-04','F','Laguna',22,'Student','Active','2024-04-04','2034-04-04'),
('D10-11-100015','Daniel Lim','1993-05-05','M','Manila',33,'Professional','Suspended','2014-05-05','2024-05-05'),
('D10-11-100016','Patricia Ong','1999-06-06','F','Quezon City',27,'Professional','Active','2020-06-06','2030-06-06'),
('D10-11-100017','Jerome Tan','1995-07-07','M','Taguig',31,'Professional','Expired','2015-07-07','2023-07-07'),
('D10-11-100018','Nicole Sy','2001-08-08','F','Muntinlupa',25,'Non-Professional','Active','2022-08-08','2032-08-08'),
('D10-11-100019','Paolo Cruz','1998-09-09','M','Pasay',28,'Professional','Active','2019-09-09','2029-09-09'),
('D10-11-100020','Camille Reyes','2003-10-10','F','Antipolo',23,'Student','Active','2024-10-10','2034-10-10'),
('D10-11-100021','Nathan Gomez','1992-11-11','M','Laguna',34,'Professional','Expired','2013-11-11','2023-11-11'),
('D10-11-100022','Kimberly Aquino','1999-12-12','F','Batangas',27,'Professional','Active','2020-12-12','2030-12-12'),
('D10-11-100023','Ryan Castillo','1997-01-13','M','Cavite',29,'Professional','Active','2018-01-13','2028-01-13'),
('D10-11-100024','Faith Herrera','2004-02-14','F','Laguna',22,'Student','Active','2024-02-14','2034-02-14'),
('D10-11-100025','Kevin Morales','1996-03-15','M','Taguig',30,'Professional','Suspended','2015-03-15','2025-03-15'),
('D10-11-100026','Jasmine Co','2000-04-16','F','Makati',26,'Non-Professional','Active','2021-04-16','2031-04-16'),
('D10-11-100027','Albert Yu','1997-05-17','M','Pasig',29,'Professional','Active','2019-05-17','2029-05-17'),
('D10-11-100028','Christine Go','2002-06-18','F','Parañaque',24,'Student','Active','2023-06-18','2033-06-18'),
('D10-11-100029','Marco Rivera','1994-07-19','M','Las Piñas',32,'Professional','Expired','2014-07-19','2024-07-19'),
('D10-11-100030','Alyssa Tan','1999-08-20','F','Cavite',27,'Professional','Active','2020-08-20','2030-08-20'),
('D10-11-100031','Ralph Mendoza','1995-09-21','M','Laguna',31,'Professional','Active','2016-09-21','2026-09-21'),
('D10-11-100032','Denise Lim','2004-10-22','F','Batangas',22,'Student','Active','2024-10-22','2034-10-22'),
('D10-11-100033','Ethan Ramos','1993-11-23','M','Quezon City',33,'Professional','Suspended','2013-11-23','2023-11-23'),
('D10-11-100034','Bianca Cruz','2000-12-24','F','Taguig',26,'Non-Professional','Active','2021-12-24','2031-12-24'),
('D10-11-100035','Joshua Perez','1997-01-25','M','Makati',29,'Professional','Active','2018-01-25','2028-01-25'),
('D10-11-100036','Samantha Uy','2003-02-26','F','Pasig',23,'Student','Active','2024-02-26','2034-02-26'),
('D10-11-100037','Vincent Lee','1992-03-27','M','Pasay',34,'Professional','Expired','2012-03-27','2022-03-27'),
('D10-11-100038','Patricia Tan','1999-04-28','F','Laguna',27,'Professional','Active','2020-04-28','2030-04-28'),
('D10-11-100039','Gabriel Santos','1996-05-01','M','Batangas',30,'Professional','Active','2017-05-01','2027-05-01'),
('D10-11-100040','Nicole Reyes','2004-06-02','F','Cavite',22,'Student','Active','2024-06-02','2034-06-02'),
('D10-11-100041','Harold Cruz','1995-07-03','M','Taguig',31,'Professional','Suspended','2015-07-03','2025-07-03'),
('D10-11-100042','Andrea Gomez','2000-08-04','F','Makati',26,'Non-Professional','Active','2021-08-04','2031-08-04'),
('D10-11-100043','Sean Flores','1997-09-05','M','Pasig',29,'Professional','Active','2018-09-05','2028-09-05'),
('D10-11-100044','Julia Navarro','2002-10-06','F','Laguna',24,'Student','Active','2023-10-06','2033-10-06'),
('D10-11-100045','Christian Ong','1994-11-07','M','Batangas',32,'Professional','Expired','2014-11-07','2024-11-07'),
('D10-11-100046','Kate Villanueva','1999-12-08','F','Cavite',27,'Professional','Active','2020-12-08','2030-12-08'),
('D10-11-100047','Brian Garcia','1996-01-09','M','Quezon City',30,'Professional','Active','2017-01-09','2027-01-09'),
('D10-11-100048','Trisha Lopez','2003-02-10','F','Taguig',23,'Student','Active','2024-02-10','2034-02-10'),
('D10-11-100049','Adrian Tan','1995-03-11','M','Pasig',31,'Professional','Suspended','2015-03-11','2025-03-11'),
('D10-11-100050','Megan Ramos','2000-04-12','F','Makati',26,'Non-Professional','Active','2021-04-12','2031-04-12');




-- VEHICLE DATA
INSERT INTO vehicle VALUES
('ABC-1234','ENG123','CHA456','Vios','Silver','Sedan','Toyota',2022,'N01-23-456789'),
('XYZ-9000','ENG999','CHA999','Civic','Red','Sedan','Honda',2018,'B99-11-222333'),
('MAA-5678','ENG777','CHA777','Innova','White','MPV','Toyota',2023,'A12-99-888777'),
('DDD-1111','ENG111','CHA111','HiAce','White','Van','Toyota',2020,'D10-11-100003'),
('DDD-2222','ENG222','CHA222','Raider 150','Blue','Motorcycle','Suzuki',2022,'D10-11-100003'),
('DDD-3333','ENG333','CHA333','Hilux','Black','Pickup','Toyota',2021,'D10-11-100003'),
('EEE-4444','ENG444','CHA444','NMAX','Gray','Motorcycle','Yamaha',2024,'D10-11-100015'),
('FFF-5555','ENG555','CHA555','Fortuner','Black','SUV','Toyota',2022,'D10-11-100015'),
('GGG-6666','ENG666','CHA666','Montero','White','SUV','Mitsubishi',2021,'D10-11-100025'),
('HHH-7777','ENG777A','CHA777A','Wigo','Yellow','Hatchback','Toyota',2020,'D10-11-100029');

-- VEHICLE REGISTRATION

INSERT INTO vehicle_registration VALUES
('REG-112233','2024-01-10','Current','2025-01-10','MAA-5678'),
('REG-445566','2023-05-01','Expired','2024-05-01','XYZ-9000'),
('REG-778899','2024-02-15','Current','2025-02-15','ABC-1234'),
('REG-999001','2022-03-01','Expired','2023-03-01','DDD-1111'),
('REG-999002','2024-06-01','Current','2025-06-01','DDD-2222'),
('REG-999003','2023-08-01','Expired','2024-08-01','DDD-3333'),
('REG-999004','2025-01-01','Current','2026-01-01','EEE-4444'),
('REG-999005','2023-09-01','Expired','2024-09-01','FFF-5555');

-- TRAFFIC VIOLATION DATA

INSERT INTO traffic_violation VALUES
(1,'Over speeding','2026-04-04 22:02:50','Los Baños','Officer Ramos','Unpaid',2000,'N01-23-456789','ABC-1234'),
(2,'Driving with Expired License','2026-04-04 10:30:00','Calamba','Officer Cruz','Unpaid',5000,'B99-11-222333','XYZ-9000'),
(3,'Illegal Parking','2026-01-10 09:30:00','Quezon City','Officer Santos','Paid',1000,'D10-11-100003','DDD-1111'),
(4,'Reckless Driving','2026-02-11 12:00:00','Manila','Officer Garcia','Unpaid',3000,'D10-11-100003','DDD-3333'),
(5,'Coding Violation','2026-03-12 08:15:00','Makati','Officer Reyes','Paid',1500,'D10-11-100003','DDD-1111'),
(6,'Smoke Belching','2026-04-15 14:20:00','Pasig','Officer Lim','Unpaid',2500,'D10-11-100003','DDD-2222'),
(7,'No Helmet','2026-05-01 18:00:00','Taguig','Officer Torres','Paid',1000,'D10-11-100003','DDD-2222'),
(8,'Counterflowing','2026-05-10 07:45:00','EDSA','Officer Mendoza','Unpaid',2000,'D10-11-100015','EEE-4444'),
(9,'Driving Without OR/CR','2026-05-12 09:00:00','Makati','Officer Cruz','Unpaid',4000,'D10-11-100025','GGG-6666'),
(10,'Unregistered Vehicle','2026-05-13 15:30:00','Quezon City','Officer Ramos','Paid',5000,'D10-11-100029','HHH-7777');
